email,senha
0.9480283159008206@mail.com,user123            
0.160843551722013@mail.com,user123             
0.9131560125645908@mail.com,user123            
0.49807203285919177@mail.com,user123           
0.8984169446067561@mail.com,user123            
0.4457884028634003@mail.com,user123            
0.6986460230182416@mail.com,user123            
0.5164933060637941@mail.com,user123            
0.02858684909465932@mail.com,user123           
0.9240442667802482@mail.com,user123            
0.012297029428118339@mail.com,user123          
0.8159305792381343@mail.com,user123            
0.2488327032992578@mail.com,user123            
0.41225530690069095@mail.com,user123           